Código;Municipio;Departamento;ABELARDO DE LA ESPRIELLA;IVÁN CEPEDA CASTRO;PALOMA VALENCIA LASERNA;SERGIO FAJARDO VALDERRAMA;CLAUDIA LÓPEZ;RAÚL SANTIAGO BOTERO JARAMILLO;ÓSCAR MAURICIO LIZCANO ARANGO;MIGUEL URIBE LONDOÑO;SONDRA MACOLLINS GARVIN PINTO;ROY LEONARDO BARRERAS MONTEALEGRE;LUIS GILBERTO MURILLO URRUTIA;CARLOS EDUARDO CAICEDO OMAR;GUSTAVO MATAMOROS CAMACHO;Voto en blanco;Nulos;No marcados;Válidos;Votantes
60010;EL ENCANTO;Amazonas;37;216;8;1;3;0;2;1;1;1;0;0;0;0;0;1;270;271
60013;LA CHORRERA;Amazonas;25;544;12;0;1;1;0;0;0;0;0;0;0;2;2;0;585;587
60016;LA PEDRERA;Amazonas;49;327;7;3;3;1;2;3;0;1;1;0;0;3;3;2;400;405
60017;LA VICTORIA;Amazonas;0;28;0;0;0;0;0;0;0;0;0;0;0;1;0;0;29;29
60001;LETICIA;Amazonas;7.328;10.415;1.414;476;187;303;54;39;21;25;20;25;7;401;203;73;20.715;20.991
60019;MIRITI PARANA;Amazonas;4;89;1;0;0;0;0;0;0;0;0;0;0;2;0;0;96;96
60030;PUERTO ALEGRIA;Amazonas;14;94;3;0;0;0;0;0;0;1;0;0;0;0;0;0;112;112
60040;PUERTO ARICA;Amazonas;15;163;9;0;1;0;0;0;0;0;0;1;1;0;0;0;190;190
60007;PUERTO NARIÑO;Amazonas;327;1.629;112;9;19;24;4;8;4;7;5;9;4;43;15;24;2.204;2.243
60021;PUERTO SANTANDER;Amazonas;19;93;14;2;2;0;0;0;0;0;0;0;0;2;1;0;132;133
60022;TARAPACA;Amazonas;69;356;16;3;2;12;4;2;1;0;1;3;0;25;5;1;494;500
01004;ABEJORRAL;Antioquia;4.191;924;1.635;343;45;132;15;29;22;11;3;3;6;113;65;53;7.472;7.590
01007;ABRIAQUI;Antioquia;592;102;319;26;4;8;1;2;3;3;1;0;0;16;18;2;1.077;1.097
01010;ALEJANDRIA;Antioquia;1.811;389;312;114;2;48;8;3;3;1;1;2;0;30;14;22;2.724;2.760
01013;AMAGA;Antioquia;6.531;3.882;1.067;659;52;325;40;21;18;10;14;14;2;331;211;52;12.966;13.229
01016;AMALFI;Antioquia;4.087;1.140;572;327;41;153;19;27;14;27;11;4;3;232;66;37;6.657;6.760
01019;ANDES;Antioquia;10.148;2.566;3.583;584;52;243;19;45;17;13;9;13;13;246;117;51;17.551;17.719
01022;ANGELOPOLIS;Antioquia;1.619;544;410;131;19;85;4;5;6;7;1;3;0;65;39;17;2.899;2.955
01025;ANGOSTURA;Antioquia;1.816;559;600;178;33;76;21;31;20;11;0;3;2;128;116;73;3.478;3.667
01028;ANORI;Antioquia;1.811;1.275;215;152;10;99;14;14;10;8;0;5;2;143;26;29;3.758;3.813
01031;ANTIOQUIA;Antioquia;5.907;3.261;1.673;574;57;174;19;38;14;5;9;9;2;318;160;70;12.060;12.290
01034;ANZA;Antioquia;1.811;400;463;65;11;60;10;12;9;7;5;1;0;47;23;29;2.901;2.953
01035;APARTADO;Antioquia;16.661;32.102;2.067;1.385;164;340;101;38;43;25;32;26;7;1.389;403;133;54.380;54.916
01037;ARBOLETES;Antioquia;4.837;4.120;414;157;18;59;27;9;13;6;3;6;11;93;42;37;9.773;9.852
01039;ARGELIA;Antioquia;1.946;334;670;56;8;52;8;9;11;15;10;2;2;41;18;20;3.164;3.202
01040;ARMENIA;Antioquia;1.311;400;399;55;9;32;4;6;5;1;1;0;0;33;24;25;2.256;2.305
01043;BARBOSA;Antioquia;11.617;6.929;2.731;1.365;141;332;36;51;36;28;15;10;8;684;467;105;23.983;24.555
01049;BELLO;Antioquia;116.690;63.055;18.571;18.325;1.154;2.176;293;270;145;93;119;77;31;4.627;2.323;345;225.626;228.294
01046;BELMIRA;Antioquia;1.611;351;448;159;25;34;3;16;4;6;1;2;0;69;26;16;2.729;2.771
01052;BETANIA;Antioquia;2.365;494;477;117;10;70;5;10;3;7;3;1;2;53;26;18;3.617;3.661
01055;BETULIA;Antioquia;3.581;605;960;147;12;132;17;16;12;10;4;3;2;90;60;52;5.591;5.703
01058;BOLIVAR;Antioquia;7.523;1.642;1.791;333;31;179;13;18;16;7;8;7;2;179;111;48;11.749;11.908
01062;BRICEÑO;Antioquia;1.022;437;131;62;16;52;10;6;11;4;1;2;4;58;50;22;1.816;1.888
01061;BURITICA;Antioquia;1.749;1.075;360;97;13;53;2;7;2;3;1;1;0;107;35;22;3.470;3.527
01064;CACERES;Antioquia;2.099;3.635;197;68;42;95;21;14;12;15;7;8;0;152;89;37;6.365;6.491
01067;CAICEDO;Antioquia;1.363;493;832;133;4;59;5;21;15;6;4;2;0;71;58;30;3.008;3.096
01070;CALDAS;Antioquia;22.385;13.435;4.339;4.322;228;512;71;55;34;34;29;19;8;1.124;812;121;46.595;47.528
01073;CAMPAMENTO;Antioquia;1.131;426;220;91;20;45;9;8;7;2;4;1;3;64;29;14;2.031;2.074
01076;CAÑASGORDAS;Antioquia;4.258;1.044;1.777;168;12;86;13;8;5;6;4;3;3;110;50;39;7.497;7.586
01078;CARACOLI;Antioquia;1.129;445;248;41;13;43;3;6;1;4;2;1;0;29;15;11;1.965;1.991
01079;CARAMANTA;Antioquia;1.168;387;659;92;4;33;0;4;5;2;1;2;0;28;26;9;2.385;2.420
01080;CAREPA;Antioquia;7.089;12.538;1.009;502;67;199;47;23;18;13;9;7;0;582;196;87;22.103;22.386
01082;CARMEN DE VIBORAL;Antioquia;19.259;7.719;3.180;2.804;167;364;51;62;39;23;12;11;3;574;378;78;34.268;34.724
01085;CAROLINA;Antioquia;1.350;483;322;120;10;12;5;4;5;2;7;2;0;43;25;12;2.365;2.402
01088;CAUCASIA;Antioquia;14.390;18.877;1.065;771;276;395;76;55;47;39;13;29;10;972;477;140;37.015;37.632
01106;CHIGORODO;Antioquia;8.393;13.171;965;614;93;296;57;32;25;24;11;20;6;637;244;101;24.344;24.689
01091;CISNEROS;Antioquia;3.523;1.639;758;306;24;140;8;4;7;5;0;5;3;157;86;28;6.579;6.693
01094;COCORNA;Antioquia;5.912;1.017;1.115;251;28;127;30;28;24;12;6;8;6;105;68;74;8.669;8.811
01097;CONCEPCION;Antioquia;1.902;278;342;101;16;17;5;4;5;4;0;3;1;42;24;17;2.720;2.761
01100;CONCORDIA;Antioquia;4.234;901;1.054;154;30;133;14;29;26;14;4;5;3;163;66;42;6.764;6.872
01103;COPACABANA;Antioquia;23.129;13.240;3.660;3.929;202;430;46;61;20;13;37;13;9;958;557;69;45.747;46.373
01109;DABEIBA;Antioquia;3.711;2.923;511;187;25;135;14;17;14;5;4;9;3;144;88;52;7.702;7.842
01112;DON MATIAS;Antioquia;6.501;1.263;999;496;41;127;19;24;13;8;5;7;4;230;115;42;9.737;9.894
01115;EBEJICO;Antioquia;3.233;946;932;155;24;88;15;21;11;8;10;4;3;92;64;34;5.542;5.640
01117;EL BAGRE;Antioquia;5.608;6.230;507;292;49;248;41;39;20;21;12;9;6;414;293;130;13.496;13.919
01118;ENTRERRIOS;Antioquia;3.765;775;542;436;21;59;8;7;8;4;1;1;0;144;57;14;5.771;5.842
01121;ENVIGADO;Antioquia;106.750;23.934;14.875;14.177;552;617;116;111;67;35;48;28;56;1.857;903;169;163.223;164.295
01124;FREDONIA;Antioquia;4.536;2.065;1.355;300;37;144;22;19;10;20;6;2;8;170;117;53;8.694;8.864
01127;FRONTINO;Antioquia;3.173;2.033;762;239;29;93;16;17;16;11;5;3;2;148;86;36;6.547;6.669
01130;GIRALDO;Antioquia;1.446;876;305;102;5;29;1;6;1;2;0;0;0;63;25;8;2.836;2.869
01133;GIRARDOTA;Antioquia;16.081;8.511;2.840;2.631;143;393;131;50;37;17;18;16;5;756;505;68;31.629;32.202
01136;GOMEZ PLATA;Antioquia;2.944;691;520;241;24;70;12;15;11;4;2;2;1;118;66;20;4.655;4.741
01139;GRANADA;Antioquia;4.553;589;410;178;18;40;9;15;9;5;20;4;3;53;38;27;5.906;5.971
01140;GUADALUPE;Antioquia;1.028;823;168;77;14;20;6;9;7;1;1;2;1;95;40;11;2.252;2.303
01142;GUARNE;Antioquia;18.974;6.465;2.980;2.315;166;271;37;53;22;32;12;12;14;597;344;74;31.950;32.368
01145;GUATAPE;Antioquia;3.883;799;794;312;22;39;10;3;3;3;4;2;0;67;28;13;5.941;5.982
01148;HELICONIA;Antioquia;1.471;588;565;90;7;45;5;10;6;4;5;4;3;64;35;22;2.867;2.924
01150;HISPANIA;Antioquia;1.620;476;267;114;14;42;8;11;1;3;2;1;1;33;12;15;2.593;2.620
01151;ITAGUI;Antioquia;90.656;39.461;12.156;13.637;697;1.432;194;178;98;75;112;48;40;2.912;1.695;205;161.696;163.596
01154;ITUANGO;Antioquia;2.001;1.547;474;181;55;128;17;29;20;12;10;13;11;238;115;77;4.736;4.928
01157;JARDIN;Antioquia;4.799;1.918;1.129;405;26;83;12;10;9;8;2;0;0;129;49;22;8.530;8.601
01160;JERICO;Antioquia;4.143;1.228;978;255;19;76;12;14;13;8;5;9;3;131;83;24;6.894;7.001
01163;LA CEJA;Antioquia;27.398;8.622;4.425;4.224;240;387;70;68;34;26;16;20;10;688;483;118;46.228;46.829
01166;LA ESTRELLA;Antioquia;22.579;10.269;4.111;3.600;140;401;42;43;19;14;18;12;16;789;459;50;42.053;42.562
01170;LA PINTADA;Antioquia;1.908;1.191;347;89;9;59;4;6;7;5;1;1;0;82;53;17;3.709;3.779
01169;LA UNION;Antioquia;7.448;2.392;2.093;1.276;80;200;29;35;30;11;8;5;7;299;167;40;13.913;14.120
01172;LIBORINA;Antioquia;3.029;700;735;170;21;58;4;14;5;10;3;0;0;59;33;20;4.808;4.861
01270;TARAZA;Antioquia;2.214;3.594;278;148;40;136;33;19;10;3;4;9;3;188;102;31;6.679;6.812
01280;TURBO;Antioquia;13.435;26.437;1.683;554;165;296;103;43;31;34;26;22;16;1.113;478;162;43.958;44.598
01295;YARUMAL;Antioquia;9.119;3.096;1.732;1.239;109;221;34;40;26;16;9;13;6;496;279;83;16.156;16.518
40001;ARAUCA;Arauna;22.710;7.194;2.745;1.044;143;567;83;86;38;25;22;23;11;680;419;65;35.371;35.855
40010;ARAUQUITA;Arauca;4.931;7.671;501;198;79;271;36;36;21;10;10;15;6;485;331;83;14.270;14.684
03001;BARRANQUILLA;Atlántico;272.331;281.123;11.466;20.320;1.625;1.566;1.061;267;256;139;179;359;124;7.248;2.643;889;598.064;601.596
03004;BARANOA;Atlántico;9.686;17.979;477;462;63;84;52;21;13;11;12;18;14;363;82;51;29.255;29.388
03022;MALAMBO;Atlántico;11.621;29.475;565;546;75;199;105;21;9;15;12;27;4;445;232;68;43.119;43.419
03052;SOLEDAD;Atlántico;54.568;104.590;2.486;3.265;323;636;251;92;67;28;46;103;35;2.059;801;203;168.549;169.553
16001;BOGOTA. D.C.;Bogotá D.C.;1.543.517;1.706.249;372.142;258.410;102.440;22.090;6.449;4.007;2.679;1.815;2.488;1.251;827;70.144;33.279;2.297;4.094.508;4.130.084
05001;CARTAGENA;Bolívar;142.674;239.504;10.912;11.612;1.268;1.335;1.789;277;170;143;164;276;81;7.905;1.944;545;418.110;420.599
05022;EL CARMEN DE BOLIVAR;Bolívar;14.641;10.555;1.390;228;44;131;48;41;43;32;13;17;13;390;244;73;27.586;27.903
05028;MAGANGUE;Bolívar;15.168;27.393;1.185;468;110;287;83;56;33;26;15;25;7;539;267;117;45.395;45.779
05118;TURBACO;Bolívar;12.311;22.333;1.060;932;116;146;57;23;14;7;16;33;14;693;196;72;37.755;38.023
07001;TUNJA;Boyacá;37.018;44.172;8.612;7.867;1.721;659;175;96;76;66;46;43;16;1.866;1.124;78;102.433;103.635
07067;CHIQUINQUIRA;Boyacá;15.041;9.233;2.278;1.263;324;297;38;27;25;10;11;12;7;452;359;22;29.018;29.399
07079;DUITAMA;Boyacá;29.238;27.239;5.477;4.134;1.180;599;113;73;37;35;37;24;10;1.116;680;37;69.312;70.029
07277;SOGAMOSO;Boyacá;29.674;27.481;6.297;3.867;1.111;500;115;72;45;30;30;19;15;1.167;772;76;70.423;71.271
09001;MANIZALES;Caldas;98.540;73.993;25.176;18.129;2.928;2.145;3.994;407;163;138;170;109;66;4.530;3.800;469;230.488;234.757
09049;LA DORADA;Caldas;13.888;11.685;2.119;800;158;577;586;41;32;45;20;18;7;595;898;108;30.571;31.577
09103;RIOSUCIO;Caldas;9.843;9.331;2.041;586;152;236;714;44;29;23;11;7;5;515;475;131;23.537;24.143
44001;FLORENCIA;Caquetá;41.108;26.756;4.237;2.590;352;1.290;126;90;71;67;43;31;22;1.525;877;144;78.308;79.329
44010;SAN VICENTE DEL CAGUAN;Caquetá;9.241;11.114;1.017;370;147;514;83;95;48;39;22;48;8;996;509;196;23.742;24.447
46001;YOPAL;Casanare;54.089;25.755;5.948;3.579;555;1.332;124;97;67;79;51;32;11;1.671;1.074;145;93.390;94.609
46480;LA SALINA;Casanare;109;229;11;3;2;0;3;1;0;0;0;1;0;19;8;3;378;389
46850;TAURAMENA;Casanare;9.652;3.174;664;332;62;288;28;17;12;10;5;6;3;261;215;28;14.514;14.757
11001;POPAYAN;Cauca;49.238;104.468;16.694;6.763;1.302;1.174;236;174;128;124;93;73;33;3.522;2.626;356;184.022;187.004
11076;SANTANDER DE QUILICHAO;Cauca;12.819;36.828;2.257;1.147;304;475;108;87;59;59;63;28;22;1.328;1.249;201;55.584;57.034
12001;VALLEDUPAR;Cesar;84.650;89.773;4.668;4.237;460;784;329;107;53;31;55;153;25;3.033;1.686;221;188.358;190.265
12075;AGUACHICA;Cesar;27.327;14.388;1.461;1.074;84;555;71;52;30;20;14;15;7;732;621;79;45.830;46.530
12150;AGUSTIN CODAZZI;Cesar;9.641;13.803;674;366;69;126;38;32;12;13;5;8;6;304;241;61;25.097;25.399
12200;BOSCONIA;Cesar;6.307;9.008;310;174;28;116;41;11;10;12;4;11;4;196;146;172;16.232;16.550
12608;LA JAGUA DE IBIRICO;Cesar;5.998;9.472;296;215;26;153;36;4;6;5;2;10;2;292;233;33;16.517;16.783
17001;QUIBDO;Chocó;5.914;29.900;2.266;459;167;241;83;65;41;57;104;21;31;789;857;150;40.138;41.145
13001;MONTERIA;Córdoba;87.885;104.497;5.611;4.080;445;705;262;138;91;70;53;78;18;3.075;1.263;314;207.008;208.585
13010;CERETE;Córdoba;14.984;26.771;991;618;115;152;63;25;24;11;9;14;10;689;320;89;44.476;44.885
13022;LORICA;Córdoba;15.938;26.216;1.184;385;89;164;49;35;27;32;14;15;5;554;228;79;44.707;45.014
13025;MONTELIBANO;Córdoba;7.546;22.618;378;312;77;153;82;18;20;11;17;11;11;522;217;57;31.776;32.050
13058;TIERRALTA;Córdoba;9.331;17.296;629;237;67;156;160;23;31;8;9;12;6;455;236;87;28.420;28.743
13061;VALENCIA;Córdoba;5.561;6.175;339;88;31;58;29;15;12;12;6;3;1;185;67;34;12.515;12.616
15031;CAJICA;Cundinamarca;25.420;16.176;5.160;3.878;1.141;330;96;59;45;20;35;15;4;908;508;23;53.287;53.818
15046;COTA;Cundinamarca;11.715;6.260;2.119;1.460;361;140;22;37;10;10;10;3;4;389;174;12;22.540;22.726
15055;CHIA;Cundinamarca;47.983;26.293;8.934;7.246;1.761;626;113;90;60;38;40;20;20;1.584;687;49;94.808;95.544
15076;FACATATIVA;Cundinamarca;24.970;34.701;5.110;3.592;1.385;845;160;98;52;46;48;25;17;1.623;1.874;81;72.672;74.627
15094;FUSAGASUGA;Cundinamarca;41.650;27.302;6.593;3.475;1.113;784;129;95;59;53;58;29;10;1.309;908;74;82.659;83.641
15109;GIRARDOT;Cundinamarca;26.476;21.283;3.470;1.620;598;639;95;61;31;26;34;16;32;841;726;59;55.222;56.007
15160;MADRID;Cundinamarca;24.614;31.763;4.202;3.549;1.477;599;129;105;43;23;43;21;16;1.491;1.322;78;68.075;69.475
15169;MOSQUERA;Cundinamarca;29.147;31.194;4.988;4.563;1.409;610;149;84;55;42;42;23;9;1.540;936;48;73.855;74.839
15247;SOACHA;Cundinamarca;72.682;139.603;17.093;10.616;5.782;2.362;542;409;186;144;221;132;69;5.239;3.895;222;255.080;259.197
15250;SOPO;Cundinamarca;5.829;7.099;1.267;1.021;366;156;23;9;28;9;7;6;3;367;210;17;16.190;16.417
15304;UBATE;Cundinamarca;13.478;6.787;2.520;1.342;449;280;49;39;19;13;16;5;5;623;440;47;25.625;26.112
15340;ZIPAQUIRA;Cundinamarca;29.209;39.011;5.821;4.983;1.782;680;169;114;78;36;44;33;28;1.781;1.318;73;83.769;85.160
50001;INIRIDA;Guainía;3.351;4.926;598;164;88;113;19;26;13;6;11;8;1;200;71;28;9.524;9.623
54001;SAN JOSE DEL GUAVIARE;Guaviare;12.040;9.150;1.588;676;217;544;65;55;28;15;32;11;15;835;554;102;25.271;25.927
19001;NEIVA;Huila;85.998;71.549;11.552;7.149;1.447;1.951;416;162;141;161;89;83;33;3.098;1.919;200;183.829;185.948
19049;LA PLATA;Huila;14.671;7.829;2.122;524;160;366;50;60;41;26;20;9;3;554;344;108;26.435;26.887
19061;PITALITO;Huila;34.502;21.913;3.611;1.865;321;823;94;102;85;27;34;40;29;1.264;628;124;64.710;65.462
19070;SAN AGUSTIN;Huila;8.483;5.217;996;241;108;144;20;38;31;15;6;11;4;296;135;51;15.610;15.796
48001;RIOHACHA;La Guajira;26.917;37.453;2.147;1.172;193;391;116;69;44;29;27;48;17;1.277;717;162;69.900;70.779
48010;MAICAO;La Guajira;20.966;25.692;1.048;599;148;308;125;58;55;48;24;51;20;836;455;115;49.978;50.548
48016;URIBIA;La Guajira;8.026;12.551;521;148;94;217;175;67;44;35;21;45;30;295;445;172;22.269;22.886
21001;SANTA MARTA;Magdalena;79.356;112.812;10.064;5.749;654;1.004;320;142;126;73;88;933;43;3.898;1.708;251;215.262;217.221
21016;CIENAGA;Magdalena;14.136;25.967;1.104;583;75;243;74;35;31;19;18;226;13;789;449;70;43.313;43.832
21025;EL BANCO;Magdalena;11.876;9.117;610;150;55;123;36;18;19;13;12;97;1;229;150;65;22.356;22.571
21031;FUNDACION;Magdalena;11.406;11.518;577;221;37;163;39;16;21;4;6;102;8;356;219;52;24.474;24.745
21052;PLATO;Magdalena;7.773;10.745;352;79;41;123;37;11;17;12;6;134;4;203;116;60;19.537;19.713
21095;ZONA BANANERA (SEVILLA);Magdalena;4.436;14.635;291;151;38;139;58;24;20;12;8;179;7;311;236;73;20.309;20.618
52001;VILLAVICENCIO;Meta;136.730;78.547;20.462;11.253;1.691;4.433;346;255;164;115;150;62;64;3.746;2.703;200;258.018;260.921
52005;ACACIAS;Meta;30.711;17.424;3.765;2.025;434;1.613;108;61;51;34;49;19;25;1.128;1.629;82;57.447;59.158
52035;GRANADA;Meta;19.393;11.123;2.036;871;200;924;47;51;40;27;25;22;6;703;647;77;35.468;36.192
52043;PUERTO GAITAN;Meta;14.580;15.043;1.030;697;185;1.586;81;50;43;27;36;37;14;1.021;1.342;123;34.430;35.895
23001;PASTO;Nariño;49.473;140.876;9.410;6.816;1.630;756;360;174;108;79;77;61;40;3.508;2.287;287;213.368;215.942
23067;IPIALES;Nariño;14.914;35.198;2.499;1.572;384;309;139;53;58;29;30;31;12;1.015;834;206;56.243;57.283
23079;LA UNION;Nariño;4.651;6.754;1.229;221;78;96;22;23;16;6;19;3;2;402;328;50;13.522;13.900
23139;TUMACO;Nariño;7.156;41.334;3.245;480;262;315;122;125;107;55;47;45;35;922;756;214;54.250;55.220
23142;TUQUERRES;Nariño;3.078;15.394;930;276;94;51;22;28;14;15;9;9;4;362;345;82;20.286;20.713
25001;CUCUTA;Norte de Santander;267.412;56.294;17.339;17.133;1.234;5.887;433;352;222;171;127;158;67;3.915;2.523;369;370.744;373.636
25004;ABREGO;Norte de Santander;10.215;1.963;510;302;20;178;16;22;11;10;3;9;4;151;85;30;13.414;13.529
25054;LOS PATIOS;Norte de Santander;33.470;6.987;2.122;2.123;182;663;51;30;21;11;7;14;9;478;266;26;46.168;46.460
25061;OCAÑA;Norte de Santander;37.018;13.256;1.630;2.219;126;483;65;52;30;35;12;12;7;776;460;70;55.721;56.251
25064;PAMPLONA;Norte de Santander;16.850;7.507;1.717;1.975;197;273;34;40;17;13;14;14;4;594;335;43;29.249;29.627
25100;VILLA DEL ROSARIO;Norte de Santander;36.138;5.353;2.111;1.711;155;661;53;49;34;22;13;26;4;446;285;42;46.776;47.103
64001;MOCOA;Putumayo;5.426;17.187;1.099;493;86;213;21;18;18;17;6;6;5;406;214;37;25.001;25.252
64002;PUERTO ASIS;Putumayo;5.145;18.004;855;501;152;483;55;40;56;19;27;14;9;837;535;131;26.197;26.863
26001;ARMENIA;Quindío;84.364;53.484;14.209;10.696;1.382;1.678;261;173;115;87;96;57;27;3.008;2.089;244;169.637;171.970
26010;CALARCA;Quindío;17.276;11.800;3.976;1.659;332;526;78;67;39;28;22;13;14;773;746;69;36.603;37.418
26020;CIRCASIA;Quindío;7.608;4.582;1.591;634;117;184;32;33;20;19;10;4;3;284;219;49;15.121;15.389
26060;MONTENEGRO;Quindío;8.369;5.814;2.121;655;142;318;41;54;31;23;29;9;4;450;537;81;18.060;18.678
26080;QUIMBAYA;Quindío;7.320;5.521;1.684;606;104;335;42;49;17;28;8;7;3;333;329;80;16.057;16.466
24001;PEREIRA;Risaralda;124.834;96.694;23.342;15.624;2.816;3.181;656;368;240;155;210;108;63;5.308;3.847;620;273.599;278.066
24025;DOSQUEBRADAS;Risaralda;46.881;40.698;8.388;6.245;1.230;1.493;294;154;98;62;74;48;22;2.221;1.765;219;107.908;109.892
24086;SANTA ROSA DE CABAL;Risaralda;20.631;13.099;3.702;2.388;387;657;113;73;53;37;27;33;18;966;826;141;42.184;43.151
56001;SAN ANDRES;San Andrés;7.404;7.346;694;511;64;48;29;18;9;20;15;10;1;618;79;30;16.787;16.896
27001;BUCARAMANGA;Santander;198.332;91.324;19.709;19.051;2.045;4.575;428;259;191;87;112;117;68;5.025;2.024;192;341.323;343.539
27019;BARRANCABERMEJA;Santander;38.355;69.511;3.546;2.927;587;1.682;183;107;70;64;71;70;29;2.205;1.788;183;119.407;121.378
27082;FLORIDABLANCA;Santander;90.033;42.163;9.691;8.763;1.065;1.947;142;148;87;38;58;37;19;2.252;1.018;102;156.443;157.563
27091;GIRON;Santander;48.682;25.499;4.036;3.561;479;1.503;107;108;56;34;55;50;8;1.648;733;75;85.826;86.634
27160;PIEDECUESTA;Santander;54.278;26.051;4.710;4.198;568;1.615;123;120;57;26;38;35;13;1.565;831;98;93.397;94.326
27181;SAN GIL;Santander;19.168;8.703;2.288;1.436;218;299;39;22;18;13;9;12;4;448;220;23;32.677;32.920
27193;SAN VICENTE DE CHUCURI;Santander;10.055;2.998;826;288;40;310;23;14;10;10;5;5;1;219;187;40;14.804;15.031
27199;SOCORRO;Santander;10.882;3.380;1.804;558;72;170;19;15;11;6;2;2;5;181;97;10;17.107;17.214
28001;SINCELEJO;Sucre;45.664;71.183;3.264;2.258;232;383;148;79;67;48;38;61;16;1.888;1.106;266;125.329;126.701
28040;COROZAL;Sucre;11.441;17.816;649;459;48;115;25;16;15;9;9;11;2;327;184;51;30.942;31.177
29001;IBAGUE;Tolima;141.360;109.574;27.755;13.631;2.410;3.042;618;429;207;148;168;130;74;5.363;3.928;376;304.909;309.213
29046;ESPINAL;Tolima;17.320;13.830;4.686;943;360;580;154;78;38;37;38;30;9;735;631;99;38.838;39.568
29073;LIBANO;Tolima;6.087;8.501;2.012;418;124;250;41;39;21;17;30;13;4;340;428;56;17.897;18.381
29076;MARIQUITA;Tolima;7.507;6.437;1.325;442;135;358;44;37;27;17;10;11;2;394;398;64;16.746;17.208
29079;MELGAR;Tolima;11.627;5.201;1.460;444;143;329;31;28;18;25;17;8;4;322;245;23;19.657;19.925
31001;CALI;Valle del Cauca;371.718;541.270;56.344;45.989;6.970;5.180;1.569;821;775;713;756;363;260;20.282;9.087;1.321;1.053.010;1.063.418
31022;BUGA;Valle del Cauca;20.612;36.630;2.694;2.508;349;475;78;60;35;36;32;13;19;1.188;695;96;64.729;65.520
31028;CAICEDONIA;Valle del Cauca;6.695;4.478;1.681;406;107;163;32;24;17;30;14;16;3;267;297;56;13.933;14.286
31034;CARTAGO;Valle del Cauca;30.265;24.806;4.669;2.887;477;849;102;96;60;42;74;34;31;1.346;1.040;162;65.738;66.940
31079;PALMIRA;Valle del Cauca;52.511;90.115;8.081;6.511;1.081;1.138;282;157;208;90;126;56;38;3.436;1.780;271;163.830;165.881
31106;TULUA;Valle del Cauca;41.369;43.107;5.371;4.064;579;1.068;121;132;79;87;85;38;27;1.960;1.404;169;98.087;99.660
31121;YUMBO;Valle del Cauca;14.169;44.723;2.963;1.531;288;434;77;42;38;34;35;19;17;1.035;536;105;65.405;66.046
31124;ZARZAL;Valle del Cauca;6.356;13.457;1.193;570;82;229;25;17;10;20;8;11;2;336;248;37;22.316;22.601
72001;PUERTO CARREÑO;Vichada;4.399;2.767;614;176;48;158;28;19;8;10;10;13;3;190;92;33;8.443;8.568
